Title,Price,Date
Data Communications Analyst AF - A Soft & Comfortable Men's T-Shirt,24.99,2021-08-28
Data Communications Analyst AF - A Soft & Comfortable Men's T-Shirt,24.99,2021-08-28
Data Communications Analyst AF - A Soft & Comfortable Men's T-Shirt,24.99,2021-08-28
Data Communications Analyst AF - A Soft & Comfortable Men's T-Shirt,24.99,2021-08-28
Data Communications Analyst AF - A Soft & Comfortable Men's T-Shirt,24.99,2021-08-28
Data Communications Analyst AF - A Soft & Comfortable Men's T-Shirt,24.99,2021-08-28
Data Communications Analyst AF - A Soft & Comfortable Men's T-Shirt,24.99,2021-08-28
Data Communications Analyst AF - A Soft & Comfortable Men's T-Shirt,24.99,2021-08-28
Data Communications Analyst AF - A Soft & Comfortable Men's T-Shirt,24.99,2021-08-28
Data Communications Analyst AF - A Soft & Comfortable Men's T-Shirt,24.99,2021-08-28
Data Communications Analyst AF - A Soft & Comfortable Men's T-Shirt,24.99,2021-08-28
Data Communications Analyst AF - A Soft & Comfortable Men's T-Shirt,24.99,2021-08-28
